Thomas,Murray,thomas.murray09@gmail.com,topsecret,#64BC7C
Benjamin ,Brueckner,benjamin.brueckner@bluewin.ch,topsecret,#BC4343
Yair,Gordon,yair@gmail.com,topsecret,#E6C348
Steve,Jobs,steve@gmail.com,topsecret,#9DBBD7
Jenny,Lane,jenny@gmail.com,topsecret,#64BC7C
Sarah,Marriott,marriott@hotmail.com,topsecret,#BC4343
Alex,Jenkinds,alex.jenkins@hotmail.com,topsecret,#E6C348
Michelle,Barns,MichelleBarns@hotmail.com,topsecret,#9DBBD7
Cat,Stevens,cat27@gmail.com,topsecret,#BC4343
Mary,Barnley,mary@hotmail.com,topsecret,#9DBBD7
